Level	Rule Name	Subject	Property	Value
ERROR	deprecated_property_reference	-/- loss of function zygosity value specification	has literal value	blank node
ERROR	deprecated_property_reference	-/+ loss of function zygosity value specification	has literal value	blank node
ERROR	deprecated_property_reference	+/+ loss of function zygosity value specification	has literal value	blank node
ERROR	deprecated_property_reference	-/- zygosity value specification	has literal value	blank node
ERROR	deprecated_property_reference	-/+ zygosity value specification	has literal value	blank node
ERROR	deprecated_property_reference	+/+ zygosity value specification	has literal value	blank node
ERROR	deprecated_property_reference	shortcut biobank consenter to data shortcut	rdfs:subPropertyOf	shortcut biobank consenter to biological sex URI string
ERROR	deprecated_property_reference	shortcut biobank consenter to data shortcut	rdfs:subPropertyOf	shortcut biobank consenter to data set title
ERROR	deprecated_property_reference	shortcut biobank consenter to data shortcut	rdfs:subPropertyOf	shortcut biobank consenter to textual date of birth text
ERROR	deprecated_property_reference	shortcut biobank consenter to data shortcut	rdfs:subPropertyOf	shortcut biobank consenter to xsd-formatted date of birth
ERROR	deprecated_property_reference	shortcut biobank consenter to data shortcut	rdfs:subPropertyOf	shortcut biobank consenter to gender identity datum text
ERROR	deprecated_property_reference	shortcut biobank consenter to data shortcut	rdfs:subPropertyOf	shortcut biobank consenter to gender identity datum URI string
ERROR	deprecated_property_reference	shortcut biobank consenter to data shortcut	rdfs:subPropertyOf	shortcut biobank consenter to biobank consenter CRID symbol
ERROR	deprecated_property_reference	shortcut biobank consenter to data shortcut	rdfs:subPropertyOf	shortcut biobank consenter to biobank consenter registry denoter
ERROR	deprecated_property_reference	shortcut biobank consenter to data shortcut	rdfs:subPropertyOf	shortcut biobank consenter to biobank consenter identifier registry URI string
ERROR	deprecated_property_reference	shortcut biobank consenter to data shortcut	rdfs:subPropertyOf	shortcut biobank consenter to racial identity registry URI string
ERROR	deprecated_property_reference	shortcut biobank consenter to data shortcut	rdfs:subPropertyOf	shortcut biobank consenter to racial identity registry denoter
ERROR	deprecated_property_reference	shortcut biobank consenter to data shortcut	rdfs:subPropertyOf	shortcut biobank consenter to racial identity CRID symbol
ERROR	deprecated_property_reference	shortcut biobank consenter to data shortcut	rdfs:subPropertyOf	shortcut biobank consenter to racial identity datum URI string
ERROR	deprecated_property_reference	shortcut biobank consenter to data shortcut	rdfs:subPropertyOf	shortcut biobank consenter to racial identity datum veracity
ERROR	deprecated_property_reference	shortcut biobank consenter to data shortcut	rdfs:subPropertyOf	shortcut biobank consenter to racial identity text
ERROR	deprecated_property_reference	shortcut biobank consenter CRID to data	rdfs:subPropertyOf	shortcut biobank consenter CRID to data set title
ERROR	deprecated_property_reference	shortcut biobank consenter CRID to data	rdfs:subPropertyOf	shortcut biobank consenter CRID to biobank consenter CRID symbol
ERROR	deprecated_property_reference	shortcut biobank consenter CRID to data	rdfs:subPropertyOf	shortcut biobank consenter CRID to biobank consenter registry denoter
ERROR	deprecated_property_reference	shortcut biobank consenter CRID to data	rdfs:subPropertyOf	shortcut biobank consenter CRID to biobank consenter identifier registry URI string
ERROR	deprecated_property_reference	has literal value	rdfs:subPropertyOf	has date value
ERROR	deprecated_property_reference	has literal value	rdfs:subPropertyOf	has textual value
ERROR	deprecated_property_reference	has literal value	rdfs:subPropertyOf	has boolean value
ERROR	missing_ontology_description	https://raw.githubusercontent.com/PennTURBO/Turbo-Ontology/master/ontologies/turbo_edit.owl	dc:description	
ERROR	missing_label	http://ncicb.nci.nih.gov/xml/owl/EVS/Thesaurus.owl#code	rdfs:label	
ERROR	missing_label	BFO:0000050	rdfs:label	
ERROR	missing_label	BFO:0000139	rdfs:label	
ERROR	missing_label	BFO:0000155	rdfs:label	
ERROR	missing_label	CL:0001061	rdfs:label	
ERROR	missing_label	GO:0005623	rdfs:label	
ERROR	missing_label	IAO:0000109	rdfs:label	
ERROR	missing_label	IAO:0000219	rdfs:label	
ERROR	missing_label	IAO:0000408	rdfs:label	
ERROR	missing_label	IAO:0000414	rdfs:label	
ERROR	missing_label	IAO:0000572	rdfs:label	
ERROR	missing_label	IAO:0000581	rdfs:label	
ERROR	missing_label	MONDO:0004992	rdfs:label	
ERROR	missing_label	MONDO:0045024	rdfs:label	
ERROR	missing_label	NCBITaxon:9606	rdfs:label	
ERROR	missing_label	OBI:0000070	rdfs:label	
ERROR	missing_label	OBI:0000185	rdfs:label	
ERROR	missing_label	OBI:0000934	rdfs:label	
ERROR	missing_label	OBI:0600005	rdfs:label	
ERROR	missing_label	OGMS:0000031	rdfs:label	
ERROR	missing_label	OGMS:0000057	rdfs:label	
ERROR	missing_label	OGMS:0000078	rdfs:label	
ERROR	missing_label	OGMS:0000090	rdfs:label	
ERROR	missing_label	OGMS:0000096	rdfs:label	
ERROR	missing_label	OGMS:0000097	rdfs:label	
ERROR	missing_label	OGMS:0000099	rdfs:label	
ERROR	missing_label	OGMS:0000100	rdfs:label	
ERROR	missing_label	OGMS:0000101	rdfs:label	
ERROR	missing_label	OGMS:0000104	rdfs:label	
ERROR	missing_label	obo:OSCI_0000036	rdfs:label	
ERROR	missing_label	PDRO:0000024	rdfs:label	
ERROR	missing_label	RO:0000052	rdfs:label	
ERROR	missing_label	RO:0000053	rdfs:label	
ERROR	missing_label	RO:0000086	rdfs:label	
ERROR	missing_label	RO:0002223	rdfs:label	
ERROR	missing_label	RO:0002229	rdfs:label	
ERROR	missing_label	UBERON:0035946	rdfs:label	
ERROR	missing_label	UO:0000027	rdfs:label	
ERROR	missing_label	UO:0000063	rdfs:label	
ERROR	missing_label	UO:0000104	rdfs:label	
ERROR	missing_label	UO:0000175	rdfs:label	
ERROR	missing_label	UO:0000176	rdfs:label	
ERROR	missing_label	UO:0000196	rdfs:label	
ERROR	missing_label	UO:0000208	rdfs:label	
ERROR	missing_label	UO:0000272	rdfs:label	
ERROR	missing_label	UO:0000301	rdfs:label	
ERROR	missing_label	obo:VSO_0000004	rdfs:label	
ERROR	missing_label	obo:VSO_0000005	rdfs:label	
ERROR	missing_label	http://www.ebi.ac.uk/efo/EFO_0004340	rdfs:label	
ERROR	missing_label	http://www.ebi.ac.uk/efo/EFO_0004374	rdfs:label	
ERROR	missing_label	http://www.ebi.ac.uk/efo/EFO_0004950	rdfs:label	
ERROR	missing_label	oboInOwl:ObsoleteClass	rdfs:label	
ERROR	missing_label	oboInOwl:hasDbXref	rdfs:label	
ERROR	missing_label	oboInOwl:shorthand	rdfs:label	
ERROR	missing_ontology_license	https://raw.githubusercontent.com/PennTURBO/Turbo-Ontology/master/ontologies/turbo_edit.owl	dc:license	
WARN	annotation_whitespace	Systematized Nomenclature of Medicine	IAO:0000115	"
A multiaxial, hierarchical classification system for diseases in man developed by the College of American Pathologists.
"
WARN	annotation_whitespace	kilogram per square meter	http://www.ebi.ac.uk/efo/IAO_0000115	"
An area density unit which is equal to the mass of an object in kilograms divided by the surface area in meters squared.
"
WARN	annotation_whitespace	percent	http://www.ebi.ac.uk/efo/IAO_0000115	"
A dimensionless ratio unit which denotes numbers as fractions of 100.
"
WARN	duplicate_exact_synonym	millimeter	oboInOwl:hasExactSynonym	micrometre
WARN	duplicate_exact_synonym	micrometer	oboInOwl:hasExactSynonym	micrometre
WARN	multiple_equivalent_classes	UBERON:0035946	owl:equivalentClass	blank node
WARN	multiple_equivalent_classes	SPARQL update process	owl:equivalentClass	blank node
WARN	multiple_equivalent_classes	SPARQL update statement generation	owl:equivalentClass	blank node
WARN	missing_subset_declaration	NCIT:C125922	rdfs:subPropertyOf	
WARN	missing_subset_declaration	NCIT:C61410	rdfs:subPropertyOf	
WARN	missing_subset_declaration	NCIT:C66830	rdfs:subPropertyOf	
WARN	missing_subset_declaration	obo:uo#unit_group_slim	rdfs:subPropertyOf	
WARN	missing_subset_declaration	obo:uo#unit_slim	rdfs:subPropertyOf	
WARN	equivalent_class_axiom_no_genus	UBERON:0007221	neonate stage OTR NTR	neonate temporal region
WARN	equivalent_class_axiom_no_genus	UBERON:0035946	RO:0002223	UBERON:0007221
WARN	equivalent_class_axiom_no_genus	UBERON:0035946	SNS OTR birth instant	birth instant
WARN	equivalent_class_axiom_no_genus	UBERON:0035946	SNS starts neonate stage	UBERON:0007221
WARN	equivalent_class_axiom_no_genus	blood pressure measurement process	OBI:0000299	obo:VSO_0000005
WARN	equivalent_class_axiom_no_genus	patient registry denoter	IAO:0000219	patient identifier registry
WARN	equivalent_class_axiom_no_genus	health care encounter registry denoter	IAO:0000219	health care encounter identifier registry
WARN	equivalent_class_axiom_no_genus	health care encounter start	RO:0002223	OGMS:0000097
WARN	equivalent_class_axiom_no_genus	biobank encounter start	RO:0002223	biobank encounter
WARN	equivalent_class_axiom_no_genus	biobank encounter registry denoter	IAO:0000219	biobank encounter identifier registry
WARN	equivalent_class_axiom_no_genus	tumor grading datum	OBI:0000312	OBI:0600002
WARN	equivalent_class_axiom_no_genus	birth instant	birth instant starts NTR	neonate temporal region
WARN	equivalent_class_axiom_no_genus	health care encounter identifier source	IAO:0000219	health care encounter identifier source
WARN	equivalent_class_axiom_no_genus	allele information determination process	has specified allele information output	OBI:0001352
WARN	equivalent_class_axiom_no_genus	genome sequencing specimen CRID	IAO:0000219	genome sequencing specimen
WARN	equivalent_class_axiom_no_genus	genome sequencing specimen identifier source denoter	IAO:0000219	genome sequencing specimen identifier source
WARN	equivalent_class_axiom_no_genus	SPARQL update process	BFO:0000055	SPARQL update plan
WARN	equivalent_class_axiom_no_genus	SPARQL update statement generation	BFO:0000055	SPARQL update statement generation plan
WARN	equivalent_class_axiom_no_genus	SPARQL update statement generation	OBI:0000299	SPARQL update statement
WARN	equivalent_class_axiom_no_genus	SPARQL update statement generation specification	BFO:0000051	update specification portionof SPARQL language
WARN	equivalent_class_axiom_no_genus	SPARQL update plan	RO:0000059	SPARQL update statement
WARN	equivalent_class_axiom_no_genus	SPARQL update statement generation plan	RO:0000059	SPARQL update statement generation specification
WARN	equivalent_class_axiom_no_genus	Acorn SPARQL update statement generation plan	RO:0000059	Acorn specification
WARN	equivalent_class_axiom_no_genus	SPARQL update statement generation by Acorn	BFO:0000055	Acorn SPARQL update statement generation plan
WARN	equivalent_class_axiom_no_genus	http://www.ebi.ac.uk/efo/EFO_0004950	DOB about day of birth	day of birth
WARN	duplicate_label_synonym	Systematized Nomenclature of Medicine	oboInOwl:hasExactSynonym	Systematized Nomenclature of Medicine
WARN	duplicate_label_synonym	Gleason Grade Group 1	oboInOwl:hasExactSynonym	Gleason Grade Group 1
WARN	duplicate_label_synonym	Gleason Grade Group 2	oboInOwl:hasExactSynonym	Gleason Grade Group 2
WARN	duplicate_label_synonym	Gleason Grade Group 3	oboInOwl:hasExactSynonym	Gleason Grade Group 3
WARN	duplicate_label_synonym	Gleason Grade Group 4	oboInOwl:hasExactSynonym	Gleason Grade Group 4
WARN	duplicate_label_synonym	Gleason Grade Group 5	oboInOwl:hasExactSynonym	Gleason Grade Group 5
WARN	duplicate_label_synonym	Gleason Score for Prostate Cancer	oboInOwl:hasExactSynonym	Gleason Score for Prostate Cancer
WARN	duplicate_label_synonym	Gleason Pattern 1	oboInOwl:hasExactSynonym	Gleason Pattern 1
WARN	duplicate_label_synonym	Gleason Pattern 2	oboInOwl:hasExactSynonym	Gleason Pattern 2
WARN	duplicate_label_synonym	Gleason Pattern 3	oboInOwl:hasExactSynonym	Gleason Pattern 3
WARN	duplicate_label_synonym	Gleason Pattern 4	oboInOwl:hasExactSynonym	Gleason Pattern 4
WARN	duplicate_label_synonym	Gleason Pattern 5	oboInOwl:hasExactSynonym	Gleason Pattern 5
WARN	duplicate_label_synonym	Gleason Score 6	oboInOwl:hasExactSynonym	Gleason Score 6
WARN	duplicate_label_synonym	Gleason Score 7	oboInOwl:hasExactSynonym	Gleason Score 7
WARN	duplicate_label_synonym	Gleason Score 8	oboInOwl:hasExactSynonym	Gleason Score 8
WARN	duplicate_label_synonym	Gleason Score 9	oboInOwl:hasExactSynonym	Gleason Score 9
WARN	duplicate_label_synonym	Gleason Score 10	oboInOwl:hasExactSynonym	Gleason Score 10
WARN	duplicate_label_synonym	Gleason Score 2	oboInOwl:hasExactSynonym	Gleason Score 2
WARN	duplicate_label_synonym	Gleason Score 3	oboInOwl:hasExactSynonym	Gleason Score 3
WARN	duplicate_label_synonym	Gleason Score 4	oboInOwl:hasExactSynonym	Gleason Score 4
WARN	duplicate_label_synonym	Gleason Score 5	oboInOwl:hasExactSynonym	Gleason Score 5
WARN	duplicate_label_synonym	Gleason Grading System	oboInOwl:hasExactSynonym	Gleason Grading System
WARN	duplicate_label_synonym	Total Gleason Score for Prostate Cancer	oboInOwl:hasExactSynonym	Total Gleason Score for Prostate Cancer
WARN	duplicate_label_synonym	Primary Gleason Pattern	oboInOwl:hasExactSynonym	Primary Gleason Pattern
WARN	duplicate_label_synonym	Secondary Gleason Pattern	oboInOwl:hasExactSynonym	Secondary Gleason Pattern
WARN	duplicate_label_synonym	Tertiary Gleason Pattern	oboInOwl:hasExactSynonym	Tertiary Gleason Pattern
WARN	missing_obsolete_label	participates in via role	rdfs:label	participates in via role
WARN	missing_obsolete_label	has matching ICD term	rdfs:label	has matching ICD term
WARN	missing_obsolete_label	has matching RxNORM term	rdfs:label	has  matching RxNORM term
WARN	missing_obsolete_label	shortcut biobank consenter to data shortcut	rdfs:label	shortcut biobank consenter to data shortcut
WARN	missing_obsolete_label	shortcut biobank consenter to biological sex URI string	rdfs:label	shortcut biobank consenter to biological sex URI string
WARN	missing_obsolete_label	shortcut biobank consenter to data set title	rdfs:label	shortcut biobank consenter to data set title
WARN	missing_obsolete_label	shortcut biobank consenter to textual date of birth text	rdfs:label	shortcut biobank consenter to textual date of birth text
WARN	missing_obsolete_label	shortcut biobank consenter to xsd-formatted date of birth	rdfs:label	shortcut biobank consenter to xsd-formatted date of birth
WARN	missing_obsolete_label	shortcut biobank consenter to gender identity datum text	rdfs:label	shortcut biobank consenter to gender identity datum text
WARN	missing_obsolete_label	shortcut biobank consenter to gender identity datum URI string	rdfs:label	shortcut biobank consenter to gender identity datum URI string
WARN	missing_obsolete_label	shortcut biobank consenter to biobank consenter CRID symbol	rdfs:label	shortcut biobank consenter to biobank consenter CRID symbol
WARN	missing_obsolete_label	shortcut biobank consenter to biobank consenter registry denoter	rdfs:label	shortcut biobank consenter to biobank consenter registry denoter
WARN	missing_obsolete_label	shortcut biobank consenter to biobank consenter identifier registry URI string	rdfs:label	shortcut biobank consenter to biobank consenter identifier registry URI string
WARN	missing_obsolete_label	shortcut biobank consenter to racial identity registry URI string	rdfs:label	shortcut biobank consenter to racial identity registry URI string
WARN	missing_obsolete_label	shortcut biobank consenter to racial identity registry denoter	rdfs:label	shortcut biobank consenter to racial identity registry denoter
WARN	missing_obsolete_label	shortcut biobank consenter to racial identity CRID symbol	rdfs:label	shortcut biobank consenter to racial identity CRID symbol
WARN	missing_obsolete_label	shortcut biobank consenter to racial identity datum URI string	rdfs:label	shortcut biobank consenter to racial identity datum URI string
WARN	missing_obsolete_label	shortcut biobank consenter to racial identity datum veracity	rdfs:label	shortcut biobank consenter to racial identity datum veracity
WARN	missing_obsolete_label	shortcut biobank consenter to racial identity text	rdfs:label	shortcut biobank consenter to racial identity text
WARN	missing_obsolete_label	shortcut biobank consenter CRID to data	rdfs:label	shortcut biobank consenter CRID to data
WARN	missing_obsolete_label	shortcut biobank consenter CRID to data set title	rdfs:label	shortcut biobank consenter CRID to data set title
WARN	missing_obsolete_label	shortcut biobank consenter CRID to biobank consenter CRID symbol	rdfs:label	shortcut biobank consenter CRID to biobank consenter CRID symbol
WARN	missing_obsolete_label	shortcut biobank consenter CRID to biobank consenter registry denoter	rdfs:label	shortcut biobank consenter CRID to biobank consenter registry denoter
WARN	missing_obsolete_label	shortcut biobank consenter CRID to biobank consenter identifier registry URI string	rdfs:label	shortcut biobank consenter CRID to biobank consenter identifier registry URI string
WARN	missing_obsolete_label	has literal value	rdfs:label	has literal value@en
WARN	missing_obsolete_label	has date value	rdfs:label	has date value
WARN	missing_obsolete_label	has textual value	rdfs:label	has textual value
WARN	missing_obsolete_label	has boolean value	rdfs:label	has boolean value
WARN	missing_obsolete_label	shortcut person data model to patient CRID registry	rdfs:label	shortcut person data model to patient CRID registry
WARN	missing_obsolete_label	shortcut health care encounter data model to encounter registry	rdfs:label	shortcut health care encounter data model to encounter registry
WARN	missing_obsolete_label	shortcut health care encounter data model to patient registry	rdfs:label	shortcut health care encounter data model to patient registry
WARN	missing_obsolete_label	shortcut allele information to genotype identifier registry	rdfs:label	shortcut allele information to genotype identifier registry@en
WARN	missing_obsolete_label	shortcut allele information to biobank encounter identifier registry	rdfs:label	shortcut allele information to biobank encounter identifier registry@en
WARN	missing_obsolete_label	shortcut tumor data model to patient registry	rdfs:label	shortcut tumor data model to patient registry@en
WARN	missing_obsolete_label	shortcut health care encounter data model to encounter id source	rdfs:label	shortcut health care encounter data model to encounter id source@en
WARN	missing_definition	International Classification of Diseases	IAO:0000115	
WARN	missing_definition	http://ncicb.nci.nih.gov/xml/owl/EVS/Thesaurus.owl#code	IAO:0000115	
WARN	missing_definition	BFO:0000050	IAO:0000115	
WARN	missing_definition	BFO:0000139	IAO:0000115	
WARN	missing_definition	BFO:0000155	IAO:0000115	
WARN	missing_definition	CL:0001061	IAO:0000115	
WARN	missing_definition	GO:0005623	IAO:0000115	
WARN	missing_definition	diastolic blood pressure measurement datum	IAO:0000115	
WARN	missing_definition	IAO:0000109	IAO:0000115	
WARN	missing_definition	IAO:0000219	IAO:0000115	
WARN	missing_definition	IAO:0000408	IAO:0000115	
WARN	missing_definition	IAO:0000414	IAO:0000115	
WARN	missing_definition	IAO:0000572	IAO:0000115	
WARN	missing_definition	IAO:0000581	IAO:0000115	
WARN	missing_definition	MONDO:0004992	IAO:0000115	
WARN	missing_definition	MONDO:0045024	IAO:0000115	
WARN	missing_definition	NCBITaxon:9606	IAO:0000115	
WARN	missing_definition	OBI:0000070	IAO:0000115	
WARN	missing_definition	OBI:0000185	IAO:0000115	
WARN	missing_definition	OBI:0000934	IAO:0000115	
WARN	missing_definition	OBI:0600005	IAO:0000115	
WARN	missing_definition	OGMS:0000031	IAO:0000115	
WARN	missing_definition	OGMS:0000057	IAO:0000115	
WARN	missing_definition	OGMS:0000078	IAO:0000115	
WARN	missing_definition	OGMS:0000090	IAO:0000115	
WARN	missing_definition	OGMS:0000096	IAO:0000115	
WARN	missing_definition	OGMS:0000097	IAO:0000115	
WARN	missing_definition	OGMS:0000099	IAO:0000115	
WARN	missing_definition	OGMS:0000100	IAO:0000115	
WARN	missing_definition	OGMS:0000101	IAO:0000115	
WARN	missing_definition	OGMS:0000104	IAO:0000115	
WARN	missing_definition	obo:OSCI_0000036	IAO:0000115	
WARN	missing_definition	PDRO:0000024	IAO:0000115	
WARN	missing_definition	RO:0000052	IAO:0000115	
WARN	missing_definition	RO:0000053	IAO:0000115	
WARN	missing_definition	RO:0000086	IAO:0000115	
WARN	missing_definition	RO:0002223	IAO:0000115	
WARN	missing_definition	RO:0002229	IAO:0000115	
WARN	missing_definition	logical macro assertion on an object property	IAO:0000115	
WARN	missing_definition	UBERON:0035946	IAO:0000115	
WARN	missing_definition	UO:0000027	IAO:0000115	
WARN	missing_definition	UO:0000063	IAO:0000115	
WARN	missing_definition	UO:0000104	IAO:0000115	
WARN	missing_definition	UO:0000175	IAO:0000115	
WARN	missing_definition	UO:0000176	IAO:0000115	
WARN	missing_definition	UO:0000196	IAO:0000115	
WARN	missing_definition	UO:0000208	IAO:0000115	
WARN	missing_definition	UO:0000301	IAO:0000115	
WARN	missing_definition	obo:VSO_0000004	IAO:0000115	
WARN	missing_definition	obo:VSO_0000005	IAO:0000115	
WARN	missing_definition	blood pressure measurement process	IAO:0000115	
WARN	missing_definition	gene identifier registry	IAO:0000115	
WARN	missing_definition	has matching Ensembl term	IAO:0000115	
WARN	missing_definition	shortcut biobank encounter to data	IAO:0000115	
WARN	missing_definition	instantiation hybrid shortcut	IAO:0000115	
WARN	missing_definition	has namespace	IAO:0000115	
WARN	missing_definition	racial identity registry denoter	IAO:0000115	
WARN	missing_definition	Mixed racial identity datum	IAO:0000115	
WARN	missing_definition	tumor grading start	IAO:0000115	
WARN	missing_definition	tumor grading end	IAO:0000115	
WARN	missing_definition	shortcut diagnosis to data	IAO:0000115	
WARN	missing_definition	shortcut diagnosis to data set title	IAO:0000115	
WARN	missing_definition	shortcut prescription to data	IAO:0000115	
WARN	missing_definition	shortcut prescription to data set title	IAO:0000115	
WARN	missing_definition	has LOF style gene hybrid identifier	IAO:0000115	
WARN	missing_definition	has namespace textual value	IAO:0000115	
WARN	missing_definition	shortcut allele info to data	IAO:0000115	
WARN	missing_definition	shortcut racial identity datum to data	IAO:0000115	
WARN	missing_definition	shortcut racial identity datum to biobank consenter CRID symbol	IAO:0000115	
WARN	missing_definition	shortcut racial identity datum to biobank consenter registry denoter	IAO:0000115	
WARN	missing_definition	shortcut racial identity datum to biobank consenter identifier registry URI string	IAO:0000115	
WARN	missing_definition	shortcut racial identity datum to racial identity CRID symbol	IAO:0000115	
WARN	missing_definition	shortcut racial identity datum to racial identity registry denoter	IAO:0000115	
WARN	missing_definition	shortcut racial identity datum to racial identity registry URI string	IAO:0000115	
WARN	missing_definition	shortcut racial identity datum to boolean	IAO:0000115	
WARN	missing_definition	shortcut racial identity datum to data set title	IAO:0000115	
WARN	missing_definition	shortcut tumor grading datum to data	IAO:0000115	
WARN	missing_definition	shortcut tumor grading datum to grading process end date	IAO:0000115	
WARN	missing_definition	shortcut tumor grading datum to biobank consenter CRID symbol	IAO:0000115	
WARN	missing_definition	shortcut tumor grading datum to patient identifier registry text	IAO:0000115	
WARN	missing_definition	shortcut tumor grading datum to tissue text	IAO:0000115	
WARN	missing_definition	shortcut tumor grading datum to patient identifier registry URI string	IAO:0000115	
WARN	missing_definition	shortcut tumor grading datum to grade text	IAO:0000115	
WARN	missing_definition	shortcut tumor grading datum to grade URI string	IAO:0000115	
WARN	missing_definition	shortcut health care encounter to patient identifier symbol	IAO:0000115	
WARN	missing_definition	shortcut health care encounter to patient identifier registry denoter	IAO:0000115	
WARN	missing_definition	shortcut health care encounter to patient identifier registry URI string	IAO:0000115	
WARN	missing_definition	shortcut biobank encounter to patient identifier symbol	IAO:0000115	
WARN	missing_definition	shortcut biobank encounter to patient identifier registry denoter	IAO:0000115	
WARN	missing_definition	shortcut biobank encounter to patient identifier registry URI string	IAO:0000115	
WARN	missing_definition	order in diagnosis sequence	IAO:0000115	
WARN	missing_definition	has ensembl gene ID	IAO:0000115	
WARN	missing_definition	has gene symbol	IAO:0000115	
WARN	missing_definition	shortcut PSA datum to data	IAO:0000115	
WARN	missing_definition	shortcut PSA datum to PSA value	IAO:0000115	
WARN	missing_definition	shortcut PSA datum to patient CRID regisry denoter text	IAO:0000115	
WARN	missing_definition	shortcut PSA datum to patient CRID symbol	IAO:0000115	
WARN	missing_definition	shortcut PSA datum to blood draw date	IAO:0000115	
WARN	missing_definition	shortcut PSA datum to patient CRID registry denoter URI as string	IAO:0000115	
WARN	missing_definition	prostate specific antigen value specification	IAO:0000115	
WARN	missing_definition	shortcut PSA valspec to concentration unit URI as string	IAO:0000115	
WARN	missing_definition	prostate Gleason grading datum	IAO:0000115	
WARN	missing_definition	shortcut Gleason datum to data	IAO:0000115	
WARN	missing_definition	shortcut Gleason datum to Gleason score textual value	IAO:0000115	
WARN	missing_definition	shortcut Gleason datum to Gleason group/profile textual value	IAO:0000115	
WARN	missing_definition	shortcut Gleason datum to Gleason score URI as string	IAO:0000115	
WARN	missing_definition	shortcut Gleason datum to Gleason group/profile URI as string	IAO:0000115	
WARN	missing_definition	shortcut Gleason datum to biopsy date	IAO:0000115	
WARN	missing_definition	shortcut Gleason datum to histology date	IAO:0000115	
WARN	missing_definition	shortcut Gleason datum to patient CRID registry denoter text	IAO:0000115	
WARN	missing_definition	shortcut Gleason datum to patient CRID registry denoter URI as string	IAO:0000115	
WARN	missing_definition	shortcut Gleason datum to patient CRID symbol	IAO:0000115	
WARN	missing_definition	prostate specific antigen concentration datum	IAO:0000115	
WARN	missing_definition	summarized stage of cancer progression	IAO:0000115	
WARN	missing_definition	summarizing the stage of cancer progression	IAO:0000115	
WARN	missing_definition	shortcut summary staging datum to data	IAO:0000115	
WARN	missing_definition	shortcut summary staging datum to stage string	IAO:0000115	
WARN	missing_definition	shortcut summary staging datum to patient CRID registry denoter text	IAO:0000115	
WARN	missing_definition	shortcut summary staging datum to regden uri string	IAO:0000115	
WARN	missing_definition	shortcut summary staging datum to patient CRID symbol	IAO:0000115	
WARN	missing_definition	shortcut summary staging datum to data set title	IAO:0000115	
WARN	missing_definition	shortcut PSA datum to data set title	IAO:0000115	
WARN	missing_definition	shortcut Gleason datum to data set title	IAO:0000115	
WARN	missing_definition	dysregulation of cell proliferation	IAO:0000115	
WARN	missing_definition	neoplasm (material entity)	IAO:0000115	
WARN	missing_definition	malignant neoplasm (material entity)	IAO:0000115	
WARN	missing_definition	primary neoplasm (material entity)	IAO:0000115	
WARN	missing_definition	secondary neoplasm (matieral entity)	IAO:0000115	
WARN	missing_definition	shortcut allele info to biobank encounter CRID registry text	IAO:0000115	
WARN	missing_definition	shortcut allele info to geno_id CRID registry text	IAO:0000115	
WARN	missing_definition	shortcut allele info to gene symbol text	IAO:0000115	
WARN	missing_definition	shortcut allele info to Ensembl gene identifier text	IAO:0000115	
WARN	missing_definition	shortcut person data model to data	IAO:0000115	
WARN	missing_definition	shortcut person data model to patient CRID symbol value	IAO:0000115	
WARN	missing_definition	instantiation object shortcut	IAO:0000115	
WARN	missing_definition	shortcut person data model to entity	IAO:0000115	
WARN	missing_definition	shortcut person data model to dataset title	IAO:0000115	
WARN	missing_definition	shortcut person data model to DOB (textual)	IAO:0000115	
WARN	missing_definition	shortcut person data model to DOB (xsd compliant)	IAO:0000115	
WARN	missing_definition	shortcut person data model to first name	IAO:0000115	
WARN	missing_definition	shortcut person data model to last name	IAO:0000115	
WARN	missing_definition	shortcut person data model to gender identty datum	IAO:0000115	
WARN	missing_definition	shortcut person data model to racial identity datum	IAO:0000115	
WARN	missing_definition	shortcut person data model to ethnic identity datum	IAO:0000115	
WARN	missing_definition	patient CRID	IAO:0000115	
WARN	missing_definition	patient CRID symbol	IAO:0000115	
WARN	missing_definition	has representation	IAO:0000115	
WARN	missing_definition	named graph	IAO:0000115	
WARN	missing_definition	shortcut person data model to gender identity datum text	IAO:0000115	
WARN	missing_definition	shortcut person data model to ethnic identity datum text	IAO:0000115	
WARN	missing_definition	shortcut person data model to racial identity datum text	IAO:0000115	
WARN	missing_definition	given name	IAO:0000115	
WARN	missing_definition	family name	IAO:0000115	
WARN	missing_definition	OntoRefine project	IAO:0000115	
WARN	missing_definition	CSV file	IAO:0000115	
WARN	missing_definition	OntoRefine configuration, url-encoded	IAO:0000115	
WARN	missing_definition	SPARQL insert statement, url-encoded	IAO:0000115	
WARN	missing_definition	SPARQL run time in seconds	IAO:0000115	
WARN	missing_definition	Inserted triples count	IAO:0000115	
WARN	missing_definition	shortcut health care encounter data model to entity	IAO:0000115	
WARN	missing_definition	expands to	IAO:0000115	
WARN	missing_definition	shortcut observation to data	IAO:0000115	
WARN	missing_definition	shortcut observation to entity	IAO:0000115	
WARN	missing_definition	shortcut observation to textual observation date	IAO:0000115	
WARN	missing_definition	shortcut observation to xsd formatted observation date	IAO:0000115	
WARN	missing_definition	shortcut observation to patient symbol value	IAO:0000115	
WARN	missing_definition	shortcut observation to patient registry	IAO:0000115	
WARN	missing_definition	shortcut observation to encounter registry	IAO:0000115	
WARN	missing_definition	shortcut observation to encounter symbol value	IAO:0000115	
WARN	missing_definition	shortcut observation to observation type code	IAO:0000115	
WARN	missing_definition	shortcut observation to observation type registry	IAO:0000115	
WARN	missing_definition	shortcut observation to observation value	IAO:0000115	
WARN	missing_definition	shortcut observation to textual units label	IAO:0000115	
WARN	missing_definition	shortcut observation to unit term	IAO:0000115	
WARN	missing_definition	shortcut observation to data set title	IAO:0000115	
WARN	missing_definition	shortcut observation to units type term	IAO:0000115	
WARN	missing_definition	shortcut observation to observation type term	IAO:0000115	
WARN	missing_definition	shortcut health care encounter data model to patient data model	IAO:0000115	
WARN	missing_definition	shortcut biobank encounter data model to entity	IAO:0000115	
WARN	missing_definition	shortcut biobank encounter data model to person data model	IAO:0000115	
WARN	missing_definition	relational primary key	IAO:0000115	
WARN	missing_definition	has database primary key vaue	IAO:0000115	
WARN	missing_definition	clinical datum about patient	IAO:0000115	
WARN	missing_definition	length value specification	IAO:0000115	
WARN	missing_definition	has measurement specification	IAO:0000115	
WARN	missing_definition	shortcut allele information data model to entity	IAO:0000115	
WARN	missing_definition	shortcut allele information to zygosity value specification	IAO:0000115	
WARN	missing_definition	shortcut allele information to biobank encounter data model	IAO:0000115	
WARN	missing_definition	TURBO data model	IAO:0000115	
WARN	missing_definition	allele information data model	IAO:0000115	
WARN	missing_definition	has OMOP concept ID	IAO:0000115	
WARN	missing_definition	blood pressure value specification	IAO:0000115	
WARN	missing_definition	systolic blood pressure value specification	IAO:0000115	
WARN	missing_definition	diastolic blood pressure value specification	IAO:0000115	
WARN	missing_definition	BMI value specification	IAO:0000115	
WARN	missing_definition	BMI determination process	IAO:0000115	
WARN	missing_definition	blood glucose measurement datum	IAO:0000115	
WARN	missing_definition	Hemoglobin with A1c glycosylation percentage datum	IAO:0000115	
WARN	missing_definition	Hemoglobin A1c glycosylation assay	IAO:0000115	
WARN	missing_definition	Hemoglobin with A1c glycosylation percentage value specification	IAO:0000115	
WARN	missing_definition	blood glucose concentration specification	IAO:0000115	
WARN	missing_definition	health care encounter data model	IAO:0000115	
WARN	missing_definition	healthcare prescription data model	IAO:0000115	
WARN	missing_definition	diagnosis data model	IAO:0000115	
WARN	missing_definition	person data model	IAO:0000115	
WARN	missing_definition	data item data model	IAO:0000115	
WARN	missing_definition	person primary key	IAO:0000115	
WARN	missing_definition	patient primary key	IAO:0000115	
WARN	missing_definition	encounter primary key	IAO:0000115	
WARN	missing_definition	health care encounter primary key	IAO:0000115	
WARN	missing_definition	biobank encounter primary key	IAO:0000115	
WARN	missing_definition	person CRID data model	IAO:0000115	
WARN	missing_definition	biobank encounter data model	IAO:0000115	
WARN	missing_definition	shortcut person data model to person PK value	IAO:0000115	
WARN	missing_definition	shortcut observation to patient PK value	IAO:0000115	
WARN	missing_definition	shortcut observation to encounter PK value	IAO:0000115	
WARN	missing_definition	shortcut observation to units type code	IAO:0000115	
WARN	missing_definition	shortcut health care encounter to previous PK	IAO:0000115	
WARN	missing_definition	shortcut allele info to encounter PK value	IAO:0000115	
WARN	missing_definition	semantic expansion of allele information model	IAO:0000115	
WARN	missing_definition	denoter-based relationship insertion	IAO:0000115	
WARN	missing_definition	biobank encounter participation inferencing	IAO:0000115	
WARN	missing_definition	mentions in RDF	IAO:0000115	
WARN	missing_definition	Metriq/ORQID tumor CRID	IAO:0000115	
WARN	missing_definition	tumor registry	IAO:0000115	
WARN	missing_definition	tumor data model	IAO:0000115	
WARN	missing_definition	shortcut tumor data model to data	IAO:0000115	
WARN	missing_definition	shortcut tumor data model to patient CRID symbol value	IAO:0000115	
WARN	missing_definition	shortcut tumor data model to tumor CRID symbol value	IAO:0000115	
WARN	missing_definition	shortcut tumor data model to entity	IAO:0000115	
WARN	missing_definition	DOB about SNS	IAO:0000115	
WARN	missing_definition	DOB about day of birth	IAO:0000115	
WARN	missing_definition	day of birth	IAO:0000115	
WARN	missing_definition	neonate temporal region	IAO:0000115	
WARN	missing_definition	birth instant	IAO:0000115	
WARN	missing_definition	birth instant TPO birth day	IAO:0000115	
WARN	missing_definition	SNS OTR birth instant	IAO:0000115	
WARN	missing_definition	SNS starts neonate stage	IAO:0000115	
WARN	missing_definition	neonate stage OTR NTR	IAO:0000115	
WARN	missing_definition	birth instant TPO NTR	IAO:0000115	
WARN	missing_definition	birth instant starts NTR	IAO:0000115	
WARN	missing_definition	biological sex datum	IAO:0000115	
WARN	missing_definition	male biological sex datum	IAO:0000115	
WARN	missing_definition	female biologcal sex datum	IAO:0000115	
WARN	missing_definition	biological sex or gender identity data item	IAO:0000115	
WARN	missing_definition	male data item	IAO:0000115	
WARN	missing_definition	female data item	IAO:0000115	
WARN	missing_definition	identifier source	IAO:0000115	
WARN	missing_definition	shortcut health care encounter data model to systolic BP in mmHg	IAO:0000115	
WARN	missing_definition	shortcut health care encounter data model to diastolic BP in mmHg	IAO:0000115	
WARN	missing_definition	shortcut person CRID model to entity	IAO:0000115	
WARN	missing_definition	shortcut person CRID model to singleton registry denoter	IAO:0000115	
WARN	missing_definition	shortcut person CRID data model to data	IAO:0000115	
WARN	missing_definition	shortcut person CRID data model to symbol value	IAO:0000115	
WARN	missing_definition	health care encounter identifier source	IAO:0000115	
WARN	missing_definition	identifier source denoter	IAO:0000115	
WARN	missing_definition	health care encounter identifier source denoter	IAO:0000115	
WARN	missing_definition	shortcut health care encounter data model to singleton health care encounter identifier source dentoer	IAO:0000115	
WARN	missing_definition	primary key symbol	IAO:0000115	
WARN	missing_definition	health care encounter primary key symbol	IAO:0000115	
WARN	missing_definition	shortcut tumor data model to singleton tumor registry denoter	IAO:0000115	
WARN	missing_definition	tumor registry denoter	IAO:0000115	
WARN	missing_definition	shortcut tumor data model to singleton patient registry denoter	IAO:0000115	
WARN	missing_definition	specimen data model	IAO:0000115	
WARN	missing_definition	genome data model	IAO:0000115	
WARN	missing_definition	shortcut person data model to singleton patient CRID registry denoter	IAO:0000115	
WARN	missing_definition	shortcut health care encounter data model to singleton patient registry denoter	IAO:0000115	
WARN	missing_definition	shortcut allele information to singleton biobank encounter identifier registry denoter	IAO:0000115	
WARN	missing_definition	shortcut allele information to singleton genotype identifier registry denoter	IAO:0000115	
WARN	missing_definition	shortcut biobank encounter data model to singleton biobank encounter registry denoter	IAO:0000115	
WARN	missing_definition	shortcut biobank encounter data model to singleton patient registry denoter	IAO:0000115	
WARN	missing_definition	allele information determination process	IAO:0000115	
WARN	missing_definition	has specified allele information output	IAO:0000115	
WARN	missing_definition	genome sequencing specimen CRID	IAO:0000115	
WARN	missing_definition	genome sequencing specimen identifier source denoter	IAO:0000115	
WARN	missing_definition	genome sequencing specimen identifier source	IAO:0000115	
WARN	missing_definition	patient identifier source	IAO:0000115	
WARN	missing_definition	graph manipulation	IAO:0000115	
WARN	missing_definition	RDF graph manipulation	IAO:0000115	
WARN	missing_definition	edge-vertex graph	IAO:0000115	
WARN	missing_definition	RDF graph	IAO:0000115	
WARN	missing_definition	SPARQL update process	IAO:0000115	
WARN	missing_definition	SPARQL language	IAO:0000115	
WARN	missing_definition	update specification portionof SPARQL language	IAO:0000115	
WARN	missing_definition	database statement	IAO:0000115	
WARN	missing_definition	SPARQL update statement generation	IAO:0000115	
WARN	missing_definition	database update statement	IAO:0000115	
WARN	missing_definition	SPARQL update statement	IAO:0000115	
WARN	missing_definition	SPARQL update statement generation specification	IAO:0000115	
WARN	missing_definition	Acorn SPARQL update fragment recipe	IAO:0000115	
WARN	missing_definition	Acorn specification	IAO:0000115	
WARN	missing_definition	SPARQL update plan	IAO:0000115	
WARN	missing_definition	SPARQL update statement generation plan	IAO:0000115	
WARN	missing_definition	SPARQL engine / triplestore	IAO:0000115	
WARN	missing_definition	Acorn interpreter	IAO:0000115	
WARN	missing_definition	Acorn SPARQL update statement generation plan	IAO:0000115	
WARN	missing_definition	SPARQL update statement generation by Acorn	IAO:0000115	
WARN	missing_definition	Acorn domain specific language	IAO:0000115	
WARN	missing_definition	shortcut health care encounter data model to patient identifier PK	IAO:0000115	
WARN	missing_definition	shortcut health care encounter data model to encounter identifier PK	IAO:0000115	
WARN	missing_definition	shortcut health care encounter data model to omop encounter type concept code	IAO:0000115	
WARN	missing_definition	office vist	IAO:0000115	
WARN	missing_definition	data retained between expansion steps	IAO:0000115	
WARN	missing_definition	previous visit id from omop visit	IAO:0000115	
WARN	missing_definition	patient id from omop visit	IAO:0000115	
WARN	missing_definition	visit id from omop visit	IAO:0000115	
WARN	missing_definition	visit concept from omop visit	IAO:0000115	
WARN	missing_definition	commented SPARQL query for expansion	IAO:0000115	
WARN	missing_definition	race concept from omop person	IAO:0000115	
WARN	missing_definition	ethnicity concept from omop person	IAO:0000115	
WARN	missing_definition	gender concept from omop person	IAO:0000115	
WARN	missing_definition	person id from omop person	IAO:0000115	
WARN	missing_definition	patient identifier source denoter	IAO:0000115	
WARN	missing_definition	provenance data item	IAO:0000115	
WARN	missing_definition	data column	IAO:0000115	
WARN	missing_definition	value_as_number column	IAO:0000115	
WARN	missing_definition	relational database	IAO:0000115	
WARN	missing_definition	relational schema	IAO:0000115	
WARN	missing_definition	data table	IAO:0000115	
WARN	missing_definition	relational data table	IAO:0000115	
WARN	missing_definition	delimited data file	IAO:0000115	
WARN	missing_definition	omop measurement table	IAO:0000115	
WARN	missing_definition	query result	IAO:0000115	
WARN	missing_definition	omop person table	IAO:0000115	
WARN	missing_definition	gender_concept_id column	IAO:0000115	
WARN	missing_definition	relational key	IAO:0000115	
WARN	missing_definition	database query process	IAO:0000115	
WARN	missing_definition	birth_datetime column	IAO:0000115	
WARN	missing_definition	person_id column	IAO:0000115	
WARN	missing_definition	person_source_value column	IAO:0000115	
WARN	missing_definition	Neo4J property graph	IAO:0000115	
WARN	missing_definition	Carnval graph	IAO:0000115	
WARN	missing_definition	race_concept_id column	IAO:0000115	
WARN	missing_definition	omop visit_occurrence table	IAO:0000115	
WARN	missing_definition	visit_concept_id column	IAO:0000115	
WARN	missing_definition	visit_end_date column	IAO:0000115	
WARN	missing_definition	visit_occurrence_id column	IAO:0000115	
WARN	missing_definition	visit_source_value column	IAO:0000115	
WARN	missing_definition	visit_start_date column	IAO:0000115	
WARN	missing_definition	preceding_visit_occurrence_id column	IAO:0000115	
WARN	missing_definition	omop procedure_occurrence table	IAO:0000115	
WARN	missing_definition	procedure_occurrence_id column	IAO:0000115	
WARN	missing_definition	procedure_source_value column	IAO:0000115	
WARN	missing_definition	procedure_source_concept_id	IAO:0000115	
WARN	missing_definition	procedure_date column	IAO:0000115	
WARN	missing_definition	measurement_id column	IAO:0000115	
WARN	missing_definition	measurement_concept_id column	IAO:0000115	
WARN	missing_definition	measurement_datetime column	IAO:0000115	
WARN	missing_definition	value_as_concept_id column	IAO:0000115	
WARN	missing_definition	unit_concept_id column	IAO:0000115	
WARN	missing_definition	measurement_source_value column	IAO:0000115	
WARN	missing_definition	measurement_source_concept_id column	IAO:0000115	
WARN	missing_definition	vocabulary_id column	IAO:0000115	
WARN	missing_definition	omop condition_occurrence table	IAO:0000115	
WARN	missing_definition	omop drug_exposure table	IAO:0000115	
WARN	missing_definition	condition_occurrence_id column	IAO:0000115	
WARN	missing_definition	condition_start_datetime column	IAO:0000115	
WARN	missing_definition	condition_end_datetime column	IAO:0000115	
WARN	missing_definition	condition_source_value column	IAO:0000115	
WARN	missing_definition	condition_source_concept_id column	IAO:0000115	
WARN	missing_definition	drug_exposure_id column	IAO:0000115	
WARN	missing_definition	drug_exposure_start_datetime column	IAO:0000115	
WARN	missing_definition	drug_exposure_end_date column	IAO:0000115	
WARN	missing_definition	verbatim_end_date column	IAO:0000115	
WARN	missing_definition	drug_type_concept_id column	IAO:0000115	
WARN	missing_definition	days_supply column	IAO:0000115	
WARN	missing_definition	drug_source_value column	IAO:0000115	
WARN	missing_definition	drug_source_concept_id column	IAO:0000115	
WARN	missing_definition	prescription writing process	IAO:0000115	
WARN	missing_definition	thousand unit per liter unit	IAO:0000115	
WARN	missing_definition	prescription identifier source	IAO:0000115	
WARN	missing_definition	prescription identifier source denoter	IAO:0000115	
WARN	missing_definition	blood serum or plasma union class	IAO:0000115	
WARN	missing_definition	point-in time, quantitative, mass/volume blood plasma or serum glucose concentration assay	IAO:0000115	
WARN	missing_definition	blood serum or plasma specimen	IAO:0000115	
WARN	missing_definition	24 hour sample collection specification	IAO:0000115	
WARN	missing_definition	point-in time, quantitative, mass/volume blood glucose concentration assay	IAO:0000115	
WARN	missing_definition	point-in time, quantitative, mass/volume blood hemoglobin concentration assay	IAO:0000115	
WARN	missing_definition	point-in time, quantitative, mass/volume urine urobilinogen concentration assay	IAO:0000115	
WARN	missing_definition	24 hour, quantitative, mass/volume urine urobilinogen concentration assay	IAO:0000115	
WARN	missing_definition	point-in time, quantitative, confirmatory, mass/volume urine ALPRAZolam concentration assay	IAO:0000115	
WARN	missing_definition	point-in time, quantitative, mass/volume blood plasma or serum benzodiazepines concentration assay	IAO:0000115	
WARN	missing_definition	point-in time, quantitative, count/volume blood neutrophil assay	IAO:0000115	
WARN	missing_definition	point-in time, quantitative, automated, volume/volume blood hematocrit assay	IAO:0000115	
WARN	missing_definition	count per volume	IAO:0000115	
WARN	missing_definition	count per volume datum	IAO:0000115	
WARN	missing_definition	volume per volume datum	IAO:0000115	
WARN	missing_definition	automated assay	IAO:0000115	
WARN	missing_definition	confirmatory assay	IAO:0000115	
WARN	missing_definition	mass/volume concentration datum	IAO:0000115	
WARN	missing_definition	volume/volume percentage concentration datum	IAO:0000115	
WARN	missing_definition	arbitrary units per 24 hours datum	IAO:0000115	
WARN	missing_definition	has BioPortal LOINC URI	IAO:0000115	
WARN	missing_definition	http://www.ebi.ac.uk/efo/EFO_0004340	IAO:0000115	
WARN	missing_definition	http://www.ebi.ac.uk/efo/EFO_0004950	IAO:0000115	
WARN	missing_definition	oboInOwl:ObsoleteClass	IAO:0000115	
WARN	missing_definition	oboInOwl:hasDbXref	IAO:0000115	
WARN	missing_definition	oboInOwl:shorthand	IAO:0000115	
INFO	missing_superclass	IAO:0000408	rdfs:subClassOf	
INFO	missing_superclass	NCBITaxon:9606	rdfs:subClassOf	
INFO	missing_superclass	OBI:0000070	rdfs:subClassOf	
INFO	missing_superclass	OGMS:0000097	rdfs:subClassOf	
INFO	missing_superclass	OGMS:0000099	rdfs:subClassOf	
INFO	missing_superclass	obo:OSCI_0000036	rdfs:subClassOf	
INFO	missing_superclass	PDRO:0000024	rdfs:subClassOf	
INFO	missing_superclass	UBERON:0035946	rdfs:subClassOf	
INFO	missing_superclass	Mixed racial identity datum	rdfs:subClassOf	
INFO	missing_superclass	http://www.ebi.ac.uk/efo/EFO_0004950	rdfs:subClassOf	
INFO	missing_superclass	oboInOwl:ObsoleteClass	rdfs:subClassOf	
INFO	lowercase_definition	Systematized Nomenclature of Medicine	IAO:0000115	"
A multiaxial, hierarchical classification system for diseases in man developed by the College of American Pathologists.
"
INFO	lowercase_definition	registry denoter	IAO:0000115	a data item that denotes a centrally registered identifier registry
INFO	lowercase_definition	racial identity registry	IAO:0000115	a centrally registered identifier registry that serves as a controlled vocabulary for racial identity datums
INFO	lowercase_definition	racial identity CRID symbol	IAO:0000115	the (string value) symbol part of a racial identity CRID
INFO	lowercase_definition	participates in via role	IAO:0000115	aa object property chain:  if individual I has role R which is realized in process P, then I 'participates in via role' P
INFO	lowercase_definition	born on	IAO:0000115	an object property chain 'shortcut':  if human H participates in a 'neonate stage' N that is started by 'start of neonate stage' S, then H 'born on' S
INFO	lowercase_definition	has matching ICD term	IAO:0000115	a 'has matching CV term', where the matching term is drawn from any of the versions and variants of the International Classification of Diseases.  The particular ICD falvor can be communicated with a 'has namespace' (TURBO_0000703) triple taking an object like  <http://purl.obolibrary.org/obo/NCIT_C71890> for ICD-9 or <http://purl.obolibrary.org/obo/NCIT_C128691> for ICD-10-CM
INFO	lowercase_definition	HUP MRN patient identifier registry	IAO:0000115	the registry of MRNs from the Hospital University of Pennsylvania
INFO	lowercase_definition	PMC MRN patient identifier registry	IAO:0000115	the registry of MRNs from the Penn Presbyterian Medical Center
INFO	lowercase_definition	PAH MRN patient identifier registry	IAO:0000115	the registry of MRNs from the Pennsylvania Hospital
INFO	lowercase_definition	CCH MRN patient identifier registry	IAO:0000115	the registry of MRNs from the Chester County Hosptial
INFO	lowercase_definition	biobank consenter	IAO:0000115	a human that participates, along with a biobanking organization or one of its representatives, in a consenting process that has a (permission role? Fully signed consent document?) as its output
INFO	lowercase_definition	biobank consenter CRID	IAO:0000115	a centrally registered identifier that denotes a biobank consenter
INFO	lowercase_definition	biobank consenter CRID symbol	IAO:0000115	the (string value) symbol part of a biobank consenter CRID
INFO	lowercase_definition	patient registry denoter	IAO:0000115	a (string) denoter that denotes a psatient identifier registry instance
INFO	lowercase_definition	patient identifier registry	IAO:0000115	a dataset of identifiers (specifically the symbol parts) that denote people with patient roles.  These may be patients whose data appears in a health care system's (electronic) medical records.
INFO	lowercase_definition	genetic race determination process	IAO:0000115	"a planned process that uses genetic data to determine the population or populations to which a person belongs

has participant: some person
has input some genomic data
has output: genetic population background datum

parts of the process:

sample collection
DNA extraction
sequencing
data transformation"
INFO	lowercase_definition	health care encounter CRID	IAO:0000115	a centrally registered identifier that denotes a health care encounter
INFO	lowercase_definition	health care encounter CRID symbol	IAO:0000115	the (string value) symbol part of a health care encounter CRID
INFO	lowercase_definition	health care encounter registry denoter	IAO:0000115	a (string) denoter that denotes a health care encounter identifier registry instance
INFO	lowercase_definition	health care encounter start date	IAO:0000115	a process start time measurement about the temporal boundary that starts a health care encounter
INFO	lowercase_definition	health care encounter identifier registry	IAO:0000115	a dataset of identifiers (specifically the symbol parts) that denote health care encounters
INFO	lowercase_definition	R2R instantiation	IAO:0000115	a data transformation in which data are consumed from tabular or relational sources and written back out in a semantic/RDF format
INFO	lowercase_definition	biobank encounter	IAO:0000115	"a planned process in which the following two kinds of people participate:  a representative from a biobank and someone with a participant under investigation role or a donor role or a consenter role

The output of this process could be demographic or vital statistics data items, like height or weight; case forms, consent documetns, etc."
INFO	lowercase_definition	biobank encounter start date	IAO:0000115	a process start time measurement about the temporal boundary that starts a biobank encounter
INFO	lowercase_definition	biobank encounter CRID	IAO:0000115	a centrally registered identifier that denotes a biobank encounter
INFO	lowercase_definition	biobank encounter CRID symbol	IAO:0000115	the (string value) symbol part of a biobank encounter CRID
INFO	lowercase_definition	biobank encounter registry denoter	IAO:0000115	a (string) denoter that denotes a biobank encounter identifier registry instance
INFO	lowercase_definition	biobank encounter identifier registry	IAO:0000115	a dataset of identifiers (specifically the symbol parts) that denote biobank encounters
INFO	lowercase_definition	diagnosis code CRID symbol	IAO:0000115	the (string value) symbol part of a diagnosis CRID
INFO	lowercase_definition	diagnosis code registry	IAO:0000115	a dataset of identifiers (specifically the symbol parts) that denote diagnoses or billing codes, like those from the International Classification of Diseases
INFO	lowercase_definition	prescription CRID	IAO:0000115	a centrally registered identifier that denotes a prescription
INFO	lowercase_definition	prescription CRID symbol	IAO:0000115	the (string value) symbol part of a prescription CRID
INFO	lowercase_definition	prescription registry denoter	IAO:0000115	a (string) denoter that denotes a prescription registry instance
INFO	lowercase_definition	prescription registry	IAO:0000115	a dataset of identifiers (specifically the symbol parts) that denote prescriptions
INFO	lowercase_definition	genotype identifier registry	IAO:0000115	a dataset of identifiers (specifically the symbol parts) that denote samples intended as input into a genotyping process, and or the derived genotyping data
INFO	lowercase_definition	genotype CRID	IAO:0000115	a centrally registered identifier that denotes a sample intended as input into a genotyping process, and or the derived genotyping data
INFO	lowercase_definition	genotype identifier registry denoter	IAO:0000115	a (string) denoter that denotes a genotype identifier registry instance
INFO	lowercase_definition	genotype CRID symbol	IAO:0000115	the (string value) symbol part of a genotype CRID
INFO	lowercase_definition	zygosity value specification	IAO:0000115	a value specification that indicates whether a diploid individual is homozygous wild type (0) heterozygous (1) or homozygous (2) for some mutant
INFO	lowercase_definition	loss of function zygosity value specification	IAO:0000115	a zygosity value specification about the number of alleles of a gene that are believed to be non-functional (over specified use zygosity value specification and bind the loss of function objective to the assay?)
INFO	lowercase_definition	-/- loss of function zygosity value specification	IAO:0000115	a 'loss of function zygosity value specification' instance indicating the conclusion that some diploid individual is homozygous for a mutant or minor allele at some locus
INFO	lowercase_definition	-/+ loss of function zygosity value specification	IAO:0000115	a 'loss of function zygosity value specification' instance indicating the conclusion that some diploid individual is heterozygous for loss of function alleles at some locus
INFO	lowercase_definition	+/+ loss of function zygosity value specification	IAO:0000115	a 'loss of function zygosity value specification' instance indicating the conclusion that some diploid individual is wild-type homozygous at some locus
INFO	lowercase_definition	-/- zygosity value specification	IAO:0000115	a 'zygosity value specification' instance indicating the conclusion that some diploid individual is homozygous for a mutant or minor allele at some locus
INFO	lowercase_definition	-/+ zygosity value specification	IAO:0000115	a 'zygosity value specification' instance indicating the conclusion that some diploid individual is heterozygous for a mutant or minor allele at some locus
INFO	lowercase_definition	+/+ zygosity value specification	IAO:0000115	a 'zygosity value specification' instance indicating the conclusion that some diploid individual is wild-type homozygous at some locus
INFO	lowercase_definition	shortcut biobank consenter to data shortcut	IAO:0000115	an 'instantiation hybrid shortcut' that, after expansion by Drivetrain, enables a reasonable semantic path from a/n biobank consenter  to a/n to data shortcut
INFO	lowercase_definition	shortcut biobank consenter to biological sex URI string	IAO:0000115	an 'instantiation hybrid shortcut' that, after expansion by Drivetrain, enables a reasonable semantic path from a biobank consenter to a biological sex URI string
INFO	lowercase_definition	shortcut biobank consenter to data set title	IAO:0000115	an 'instantiation hybrid shortcut' that, after expansion by Drivetrain, enables a reasonable semantic path from a biobank consenter to a dataset title
INFO	lowercase_definition	shortcut biobank consenter to textual date of birth text	IAO:0000115	an 'instantiation hybrid shortcut' that, after expansion by Drivetrain, enables a reasonable semantic path from a biobank consenter to a textual date of birth text
INFO	lowercase_definition	shortcut biobank consenter to xsd-formatted date of birth	IAO:0000115	an 'instantiation hybrid shortcut' that, after expansion by Drivetrain, enables a reasonable semantic path from a biobank consenter to a xsd-formatted date of birth
INFO	lowercase_definition	shortcut biobank consenter to gender identity datum text	IAO:0000115	an 'instantiation hybrid shortcut' that, after expansion by Drivetrain, enables a reasonable semantic path from a biobank consenter to a gender identity datum text
INFO	lowercase_definition	shortcut biobank consenter to gender identity datum URI string	IAO:0000115	an 'instantiation hybrid shortcut' that, after expansion by Drivetrain, enables a reasonable semantic path from a biobank consenter to a gender identity datum URI string
INFO	lowercase_definition	shortcut biobank consenter to biobank consenter CRID symbol	IAO:0000115	an 'instantiation hybrid shortcut' that, after expansion by Drivetrain, enables a reasonable semantic path from a biobank consenter to a biobank consenter CRID symbol
INFO	lowercase_definition	shortcut biobank consenter to biobank consenter registry denoter	IAO:0000115	an 'instantiation hybrid shortcut' that, after expansion by Drivetrain, enables a reasonable semantic path from a biobank consenter to a biobank consenter registry denoter
INFO	lowercase_definition	shortcut biobank consenter to biobank consenter identifier registry URI string	IAO:0000115	an 'instantiation hybrid shortcut' that, after expansion by Drivetrain, enables a reasonable semantic path from a biobank consenter to a biobank consenter identifier registry URI string
INFO	lowercase_definition	shortcut biobank encounter to data set title	IAO:0000115	an 'instantiation hybrid shortcut' that, after expansion by Drivetrain, enables a reasonable semantic path from a biobank encounter to a data set title
INFO	lowercase_definition	shortcut biobank encounter to textual encounter date	IAO:0000115	an 'instantiation hybrid shortcut' that, after expansion by Drivetrain, enables a reasonable semantic path from a biobank encounter to a textual encounter date
INFO	lowercase_definition	shortcut biobank encounter to xsd-formatted encounter date	IAO:0000115	an 'instantiation hybrid shortcut' that, after expansion by Drivetrain, enables a reasonable semantic path from a biobank encounter to a xsd-formatted  encounter date
INFO	lowercase_definition	shortcut biobank encounter to height in cm	IAO:0000115	an 'instantiation hybrid shortcut' that, after expansion by Drivetrain, enables a reasonable semantic path from a biobank encounter to a height in cm
INFO	lowercase_definition	shortcut biobank encounter to weight in kg	IAO:0000115	an 'instantiation hybrid shortcut' that, after expansion by Drivetrain, enables a reasonable semantic path from a biobank encounter to a weight in kg
INFO	lowercase_definition	shortcut biobank encounter to encounter CRID symbol	IAO:0000115	an 'instantiation hybrid shortcut' that, after expansion by Drivetrain, enables a reasonable semantic path from a biobank encounter to a encounter CRID symbol
INFO	lowercase_definition	shortcut biobank encounter to encounter registry denoter	IAO:0000115	an 'instantiation hybrid shortcut' that, after expansion by Drivetrain, enables a reasonable semantic path from a biobank encounter to a encounter registry denoter
INFO	lowercase_definition	shortcut biobank encounter to encounter identifier registry URI string	IAO:0000115	an 'instantiation hybrid shortcut' that, after expansion by Drivetrain, enables a reasonable semantic path from a biobank encounter to a encounter identifier registry URI string
INFO	lowercase_definition	shortcut biobank encounter to BMI	IAO:0000115	an 'instantiation hybrid shortcut' that, after expansion by Drivetrain, enables a reasonable semantic path from a biobank encounter to a BMI
INFO	lowercase_definition	shortcut health care encounter data model to data	IAO:0000115	an 'instantiation hybrid shortcut' that, after expansion by Drivetrain, enables a reasonable semantic path from a/n health care encounter  to a/n to data
INFO	lowercase_definition	shortcut health care encounter data model to data set title	IAO:0000115	an 'instantiation hybrid shortcut' that, after expansion by Drivetrain, enables a reasonable semantic path from a health care encounter to a data set title
INFO	lowercase_definition	shortcut health care encounter data model to textual encounter date	IAO:0000115	an 'instantiation hybrid shortcut' that, after expansion by Drivetrain, enables a reasonable semantic path from a health care encounter to a textual encounter date
INFO	lowercase_definition	shortcut health care encounter data model to xsd-formatted encounter date	IAO:0000115	an 'instantiation hybrid shortcut' that, after expansion by Drivetrain, enables a reasonable semantic path from a health care encounter to a xsd-formatted encounter date
INFO	lowercase_definition	shortcut health care encounter data model to height in cm	IAO:0000115	an 'instantiation hybrid shortcut' that, after expansion by Drivetrain, enables a reasonable semantic path from a health care encounter to a height in cm
INFO	lowercase_definition	shortcut health care encounter data model to weight in kg	IAO:0000115	an 'instantiation hybrid shortcut' that, after expansion by Drivetrain, enables a reasonable semantic path from a health care encounter to a weight in kg
INFO	lowercase_definition	shortcut health care encounter data model to encounter ID symbol	IAO:0000115	an 'instantiation hybrid shortcut' that, after expansion by Drivetrain, enables a reasonable semantic path from a health care encounter to a encounter ID symbol
INFO	lowercase_definition	shortcut health care encounter data model to encounter registry denoter	IAO:0000115	an 'instantiation hybrid shortcut' that, after expansion by Drivetrain, enables a reasonable semantic path from a health care encounter to a encounter registry denoter
INFO	lowercase_definition	shortcut health care encounter data model to encounter identifier registry URI string	IAO:0000115	an 'instantiation hybrid shortcut' that, after expansion by Drivetrain, enables a reasonable semantic path from a health care encounter to a encounter identifier registry URI string
INFO	lowercase_definition	shortcut health care encounter data model to BMI	IAO:0000115	an 'instantiation hybrid shortcut' that, after expansion by Drivetrain, enables a reasonable semantic path from a health care encounter to a BMI
INFO	lowercase_definition	shortcut health care encounter data model to diagnosis code symbol	IAO:0000115	an 'instantiation hybrid shortcut' that, after expansion by Drivetrain, enables a reasonable semantic path from a health care encounter to a diagnosis code symbol
INFO	lowercase_definition	shortcut health care encounter to diagnosis code registry denoter	IAO:0000115	an 'instantiation hybrid shortcut' that, after expansion by Drivetrain, enables a reasonable semantic path from a health care encounter to a diagnosis code registry denoter
INFO	lowercase_definition	shortcut health care encounter to diagnosis code registry URI string	IAO:0000115	an 'instantiation hybrid shortcut' that, after expansion by Drivetrain, enables a reasonable semantic path from a health care encounter to a diagnosis code registry URI string
INFO	lowercase_definition	patient MRN registry	IAO:0000115	a patient identifier registry in which the symbols correspond to medical record numbers
INFO	lowercase_definition	ENCOUNTER_PACK_ID biobank encounter registry	IAO:0000115	a patient identifier registry in which the symbols correspond to (biobank?) encounter packet identifiers
INFO	lowercase_definition	racial identity CRID	IAO:0000115	a centrally registered identifier that denotes a racial identity
INFO	lowercase_definition	length measurement assay	IAO:0000115	a process to determine the length of an evaluant@en
INFO	lowercase_definition	referent tracking	IAO:0000115	"a data transformation with the objective of referring to entities in reality with a singular, unique Instance Unique Identifier (IUI)

\""Referent Tracking is a paradigm under which it is possible to refer explicitly to all of the concrete individual entities relevant to the accurate description of each patient's condition, therapies, and outcomes through the assignment of unique identifiers.\"""
INFO	lowercase_definition	conclusionation frequency threshold value specification	IAO:0000115	a value specification that specifies the minumum frequency at which a value must appear in order for a comclusionation process to conclusde that it is the correct value
INFO	lowercase_definition	shortcut biobank encounter CRID to data	IAO:0000115	an 'instantiation hybrid shortcut' that, after expansion by Drivetrain, enables a reasonable semantic path from a/n biobank encounter CRID  to a/n to data
INFO	lowercase_definition	shortcut health care encounter CRID to data	IAO:0000115	an 'instantiation hybrid shortcut' that, after expansion by Drivetrain, enables a reasonable semantic path from a/n health care encounter CRID  to a/n to data
INFO	lowercase_definition	shortcut biobank encounter CRID to data set title	IAO:0000115	an 'instantiation hybrid shortcut' that, after expansion by Drivetrain, enables a reasonable semantic path from a/n biobank encounter CRID  to a/n to dataset title
INFO	lowercase_definition	shortcut biobank encounter CRID to biobank encounter CRID symbol	IAO:0000115	an 'instantiation hybrid shortcut' that, after expansion by Drivetrain, enables a reasonable semantic path from a/n biobank encounter CRID  to a/n to biobank encounter CRID symbol
INFO	lowercase_definition	shortcut biobank encounter CRID to biobank encounter registry denoter	IAO:0000115	an 'instantiation hybrid shortcut' that, after expansion by Drivetrain, enables a reasonable semantic path from a/n biobank encounter CRID  to a/n to biobank encounter registry denoter
INFO	lowercase_definition	shortcut biobank encounter CRID to biobank encounter identifier registry URI string	IAO:0000115	an 'instantiation hybrid shortcut' that, after expansion by Drivetrain, enables a reasonable semantic path from a/n biobank encounter CRID  to a/n to biobank encounter identifier registry URI string
INFO	lowercase_definition	shortcut health care encounter to drug prescription text	IAO:0000115	an 'instantiation hybrid shortcut' that, after expansion by Drivetrain, enables a reasonable semantic path from a/n health care encounter  to a/n to drug prescription text
INFO	lowercase_definition	shortcut health care encounter to drug prescription CRID symbol	IAO:0000115	an 'instantiation hybrid shortcut' that, after expansion by Drivetrain, enables a reasonable semantic path from a/n health care encounter  to a/n to drug prescription CRID symbol
INFO	lowercase_definition	replaced with IUI	IAO:0000115	the subject of this property has been demoted in the course of referent tracking, and the corresponding entity in reality is now better known by the following IUI:
INFO	lowercase_definition	tumor grading datum	IAO:0000115	a data item that is the ouput of a tumor grading process.  may be part of a tumor grading report.
INFO	lowercase_definition	BMI conclusionating	IAO:0000115	a conclusionating process in which one authoritative body mass index is derived from zero or more, potentially conflicting BMIs
INFO	lowercase_definition	shortcut health care encounter CRID to data set title	IAO:0000115	an 'instantiation hybrid shortcut' that, after expansion by Drivetrain, enables a reasonable semantic path from a/n health care encounter CRID  to a/n to dataset title
INFO	lowercase_definition	shortcut health care encounter CRID to health care encounter CRID symbol	IAO:0000115	an 'instantiation hybrid shortcut' that, after expansion by Drivetrain, enables a reasonable semantic path from a/n health care encounter CRID  to a/n to health care encounter CRID symbol
INFO	lowercase_definition	shortcut health care encounter CRID to health care encounter registry denoter	IAO:0000115	an 'instantiation hybrid shortcut' that, after expansion by Drivetrain, enables a reasonable semantic path from a/n health care encounter CRID  to a/n to health care encounter registry denoter
INFO	lowercase_definition	shortcut health care encounter CRID to health care encounter identifier registry URI string	IAO:0000115	an 'instantiation hybrid shortcut' that, after expansion by Drivetrain, enables a reasonable semantic path from a/n health care encounter CRID  to a/n to health care encounter identifier registry URI string
INFO	lowercase_definition	shortcut biobank consenter CRID to data set title	IAO:0000115	an 'instantiation hybrid shortcut' that, after expansion by Drivetrain, enables a reasonable semantic path from a/n biobank consenter CRID  to a/n to dataset title
INFO	lowercase_definition	shortcut biobank consenter CRID to biobank consenter CRID symbol	IAO:0000115	an 'instantiation hybrid shortcut' that, after expansion by Drivetrain, enables a reasonable semantic path from a/n biobank consenter CRID  to a/n to biobank consenter CRID symbol
INFO	lowercase_definition	shortcut biobank consenter CRID to biobank consenter registry denoter	IAO:0000115	an 'instantiation hybrid shortcut' that, after expansion by Drivetrain, enables a reasonable semantic path from a/n biobank consenter CRID  to a/n to biobank consenter registry denoter
INFO	lowercase_definition	shortcut biobank consenter CRID to biobank consenter identifier registry URI string	IAO:0000115	an 'instantiation hybrid shortcut' that, after expansion by Drivetrain, enables a reasonable semantic path from a/n biobank consenter CRID  to a/n to biobank consenter identifier registry URI string
INFO	lowercase_definition	shortcut diagnosis to diagnosis code symbol	IAO:0000115	an 'instantiation hybrid shortcut' that, after expansion by Drivetrain, enables a reasonable semantic path from a/n diagnosis  to a/n to diagnosis code symbol
INFO	lowercase_definition	shortcut diagnosis to diagnosis code registry denoter	IAO:0000115	an 'instantiation hybrid shortcut' that, after expansion by Drivetrain, enables a reasonable semantic path from a/n diagnosis  to a/n to diagnosis code registry denoter
INFO	lowercase_definition	shortcut diagnosis to diagnosis code registry	IAO:0000115	an 'instantiation hybrid shortcut' that, after expansion by Drivetrain, enables a reasonable semantic path from a/n diagnosis  to a/n to diagnosis code registry
INFO	lowercase_definition	shortcut prescription to prescription CRID symbol	IAO:0000115	an 'instantiation hybrid shortcut' that, after expansion by Drivetrain, enables a reasonable semantic path from a/n prescription  to a/n to prescription CRID symbol
INFO	lowercase_definition	shortcut prescription to prescription fullname/order_name	IAO:0000115	an 'instantiation hybrid shortcut' that, after expansion by Drivetrain, enables a reasonable semantic path from a/n prescription  to a/n to prescription fullname/order_name
INFO	lowercase_definition	shortcut prescription to drug uri string	IAO:0000115	an 'instantiation hybrid shortcut' that, after expansion by Drivetrain, enables a reasonable semantic path from a/n prescription  to a/n to drug uri string
INFO	lowercase_definition	conclusionated?	IAO:0000115	this data item is the output of a turbo conclusionation process
INFO	lowercase_definition	has textual value	IAO:0000115	has a literal value that can be mapped to an ontology term
INFO	lowercase_definition	previous URI text	IAO:0000115	"'previous URI text' has subproperties that are applicable to the URIs that are inputs into and outputs from shortcut expansion and referent tracking.  The shortcut expansion case follows a similar pattern to the referent tracking case.

X 'previous URI text' Y means that X is some referent tracked individual, and that before referent tracking was performed, there was an individual identified by a URI with string value Y that is now identified singularly and uniquely by X.

One X can have anywhere from one to an infinite number of Y X 'previous URI text's"
INFO	lowercase_definition	shortcut allele info to biobank encounter CRID symbol	IAO:0000115	an 'instantiation hybrid shortcut' that, after expansion by Drivetrain, enables a reasonable semantic path from an allele info  to a biobank encounter CRID symbol
INFO	lowercase_definition	shortcut allele info to geno_id CRID symbol	IAO:0000115	an 'instantiation hybrid shortcut' that, after expansion by Drivetrain, enables a reasonable semantic path from an allele info  to a genotype identifier CRID symbol
INFO	lowercase_definition	shortcut allele info to geno_id CRID registry URI string	IAO:0000115	an 'instantiation hybrid shortcut' that, after expansion by Drivetrain, enables a reasonable semantic path from an allele info  to a genotype identifier registry
INFO	lowercase_definition	shortcut allele info to protein term URI string	IAO:0000115	an 'instantiation hybrid shortcut' that, after expansion by Drivetrain, enables a reasonable semantic path from a/n allele info  to a/n to protein
INFO	lowercase_definition	shortcut allele info to gene concatenated text	IAO:0000115	an 'instantiation hybrid shortcut' that, after expansion by Drivetrain, enables a reasonable semantic path from an allele info  to a gene identiifer and a zygosity level
INFO	lowercase_definition	shortcut allele info to zygosity value text	IAO:0000115	an 'instantiation hybrid shortcut' that, after expansion by Drivetrain, enables a reasonable semantic path from a/n allele info  to a/n to zygosity value text
INFO	lowercase_definition	shortcut allele info to zygosity value specification	IAO:0000115	an 'instantiation hybrid shortcut' that, after expansion by Drivetrain, enables a reasonable semantic path from a/n allele info  to a/n to zygosity value specification
INFO	lowercase_definition	shortcut allele info to LOF data set title	IAO:0000115	an 'instantiation hybrid shortcut' that, after expansion by Drivetrain, enables a reasonable semantic path from an allele info  to the title of the dataset containing (at least) sample identifiers, gene identifiers, and zygosity values
INFO	lowercase_definition	shortcut allele info to biobank encounter CRID registry URI string	IAO:0000115	an 'instantiation hybrid shortcut' that, after expansion by Drivetrain, enables a reasonable semantic path from a/n allele info  to a/n to biobank encounter CRID registry
INFO	lowercase_definition	shortcut allele info to gene term URI string	IAO:0000115	an 'instantiation hybrid shortcut' that, after expansion by Drivetrain, enables a reasonable semantic path from an allele info  to a gene term
INFO	lowercase_definition	primary diagnoisis	IAO:0000115	https://www.health.ny.gov/statistics/sparcs/sysdoc/elements_837/principal_diagnosis_code.htm
INFO	lowercase_definition	prostate specific antigen assay	IAO:0000115	an analyte assay which...
INFO	lowercase_definition	shortcut allele info to sample/encounter key	IAO:0000115	an 'instantiation hybrid shortcut' that, after expansion by Drivetrain, enables a reasonable semantic path from a exome sequencing sample identifier to the identifier of the encounter in which the sample was colelcted
INFO	lowercase_definition	has raw literal representation	IAO:0000115	has a value asserted directly by some external authority, like a CSV files or database table.
INFO	lowercase_definition	has parsed/transformed literal representation	IAO:0000115	"has a value that can be parsed or transformed from an authoritatively asserted raw values.  For example, the string \""9/10/71\"" might be transformed to \""1971-09-10\""^^xsd:date OR \""1971-10-09\""^^xsd:date depending on the cultural origin of the raw data."
INFO	lowercase_definition	semantic expansion of person model	IAO:0000115	a data transformation that reads triples about a Homo sapiens data model and writes triples about a Homo sapiens, including related classes like identity datums, date of birth, etc.
INFO	lowercase_definition	semantic expansion of biobank encounter model	IAO:0000115	a data transformation that reads triples about a biobank encounter data model and writes triples about a biobank encounter, including related classes like process boundary and time mesuremnt datum
INFO	lowercase_definition	semantic expansion of data model	IAO:0000115	a data transformation that reads triplesa bout a data model and writes triples about something in reality, like a material entity or planned process
INFO	lowercase_definition	semantic expansion of health care encounter model	IAO:0000115	a data transformation that reads triples about a health care encounter data model and writes triples about a biobank encounter, including related classes like process boundary and time mesuremnt datum
INFO	lowercase_definition	health care encounter participation inferencing	IAO:0000115	an encounter participation inferencing process in which the some value is found to denote a health care encounter
INFO	lowercase_definition	writes triples about	IAO:0000115	inserts RDF triples about this object
INFO	lowercase_definition	writes triples about	IAO:0000600	"if

?s1 'writes triples about' ?o1,

then at least one triple will be submitted to some RDF model/triplestore in which
 
?o1 ?p ?o2"
INFO	lowercase_definition	inserted triples into	IAO:0000600	this predicate documents what named graph is the destination for the triples generated by the subject process.
INFO	lowercase_definition	sourced triples from	IAO:0000600	this predicate documents the named graph from which a process drew its input
INFO	lowercase_definition	genome sequencing specimen	IAO:0000115	a specimen that is suitable for genomic (DNA) sequencing.  collected in the course of some process like a biobank encounter.  could become the input into DNA extraction and (exome?) sequencing, followed by data transformation.
